comment_text,list
My favourite food is anything I didn't have to cook myself.,"[0, 0, 0, 0, 0, 0, 1]"
"Now if he does off himself, everyone will think hes having a laugh screwing with people instead of actually dead","[0, 0, 0, 0, 0, 0, 1]"
WHY THE FUCK IS BAYLESS ISOING,"[1, 0, 0, 0, 0, 0, 0]"
To make her feel threatened,"[0, 0, 1, 0, 0, 0, 0]"
Dirty Southern Wankers,"[1, 0, 0, 0, 0, 0, 0]"
OmG pEyToN iSn'T gOoD eNoUgH tO hElP uS iN tHe PlAyOfFs! Dumbass Broncos fans circa December 2015.,"[0, 0, 0, 0, 0, 1, 0]"
Yes I heard abt the f bombs! That has to be why. Thanks for your reply:) until then hubby and I will anxiously wait üòù,"[0, 0, 0, 1, 0, 0, 0]"
We need more boards and to create a bit more space for [NAME]. Then we‚Äôll be good.,"[0, 0, 0, 1, 0, 0, 0]"
Damn youtube and outrage drama is super lucrative for reddit,"[0, 0, 0, 1, 0, 0, 0]"
It might be linked to the trust factor of your friend.,"[0, 0, 0, 0, 0, 0, 1]"
Demographics? I don‚Äôt know anybody under 35 who has cable tv.,"[0, 0, 0, 0, 0, 1, 0]"
"Aww... she'll probably come around eventually, I'm sure she was just jealous of [NAME]... I mean, what woman wouldn't be! lol ","[0, 0, 0, 1, 0, 0, 0]"